{
	"credit": "Made with Blockbench",
	"texture_size": [64, 64],
	"textures": {
		"0": "item/cock_texture",
		"particle": "item/cock_texture"
	},
	"elements": [
		{
			"from": [0, 0, 5],
			"to": [6, 6, 11],
			"faces": {
				"north": {"uv": [7, 6, 8.5, 7.5], "texture": "#0"},
				"east": {"uv": [7, 7.5, 8.5, 9], "texture": "#0"},
				"south": {"uv": [0, 8, 1.5, 9.5], "texture": "#0"},
				"west": {"uv": [1.5, 8, 3, 9.5], "texture": "#0"},
				"up": {"uv": [4.5, 9.5, 3, 8], "texture": "#0"},
				"down": {"uv": [6, 8, 4.5, 9.5], "texture": "#0"}
			}
		},
		{
			"from": [10, 0, 5],
			"to": [16, 6, 11],
			"faces": {
				"north": {"uv": [4, 6.5, 5.5, 8], "texture": "#0"},
				"east": {"uv": [5.5, 6.5, 7, 8], "texture": "#0"},
				"south": {"uv": [7, 0, 8.5, 1.5], "texture": "#0"},
				"west": {"uv": [7, 1.5, 8.5, 3], "texture": "#0"},
				"up": {"uv": [8.5, 4.5, 7, 3], "texture": "#0"},
				"down": {"uv": [8.5, 4.5, 7, 6], "texture": "#0"}
			}
		},
		{
			"from": [4, 6, 5],
			"to": [12, 32, 11],
			"faces": {
				"north": {"uv": [0, 0, 2, 6.5], "texture": "#0"},
				"east": {"uv": [4, 0, 5.5, 6.5], "texture": "#0"},
				"south": {"uv": [2, 0, 4, 6.5], "texture": "#0"},
				"west": {"uv": [5.5, 0, 7, 6.5], "texture": "#0"},
				"up": {"uv": [2, 8, 0, 6.5], "texture": "#0"},
				"down": {"uv": [4, 6.5, 2, 8], "texture": "#0"}
			}
		}
	],
	"display": {
		"head": {
			"translation": [0, 23, 0],
			"scale": [2, 2, 2]
		},
		"fixed": {
			"rotation": [-90, 0, 0],
			"translation": [0, 0, -7.25],
			"scale": [1, 2.0293, 1]
		}
	}
}